rank,file,t_sec,score,U,A,D,n_boxes,n_ambiguous,empty,selected
1,frame_0291.jpg,116.4,0.8254,0.8148,0.8333,0.84,8,5,False,True
2,frame_0074.jpg,29.6,0.7906,0.7811,0.6667,1.0,8,4,False,True
3,frame_0000.jpg,0.0,0.777,0.654,0.8333,1.0,8,5,False,True
4,frame_0004.jpg,1.6,0.7676,0.8353,0.5,1.0,4,3,False,False
5,frame_0387.jpg,154.8,0.7488,0.8175,1.0,0.2,9,6,False,True
6,frame_0005.jpg,2.0,0.7403,0.6805,0.6667,1.0,5,4,False,True
7,frame_0067.jpg,26.8,0.7356,0.6712,0.6667,1.0,6,4,False,True
8,frame_0030.jpg,12.0,0.7165,0.7329,0.5,1.0,8,3,False,True
9,frame_0002.jpg,0.8,0.7151,0.7303,0.5,1.0,8,3,False,False
10,frame_0008.jpg,3.2,0.7143,0.8287,0.3333,1.0,3,2,False,False
11,frame_0077.jpg,30.8,0.6977,0.6433,0.6667,0.88,8,4,False,False
12,frame_0011.jpg,4.4,0.6935,0.8869,0.1667,1.0,2,1,False,True
13,frame_0127.jpg,50.8,0.6855,0.7511,0.5,0.8,6,3,False,True
14,frame_0020.jpg,8.0,0.6816,0.7632,0.3333,1.0,4,2,False,True
15,frame_0316.jpg,126.4,0.669,0.674,1.0,0.16,9,6,False,True
16,frame_0167.jpg,66.8,0.6668,0.6935,0.6667,0.6,7,4,False,True
17,frame_0124.jpg,49.6,0.6652,0.5585,0.8333,0.68,10,5,False,False
18,frame_0016.jpg,6.4,0.6647,0.5294,0.6667,1.0,7,4,False,False
19,frame_0076.jpg,30.4,0.6626,0.6571,0.5,0.92,8,3,False,False
20,frame_0367.jpg,146.8,0.6611,0.6902,1.0,0.08,12,6,False,False
21,frame_0375.jpg,150.0,0.6558,0.6315,1.0,0.2,8,6,False,False
22,frame_0284.jpg,113.6,0.6553,0.6865,0.6667,0.56,7,4,False,False
23,frame_0384.jpg,153.6,0.6482,0.8324,0.6667,0.16,6,4,False,False
24,frame_0201.jpg,80.4,0.6325,0.6409,0.6667,0.56,5,4,False,False
25,frame_0130.jpg,52.0,0.6322,0.6965,0.3333,0.92,4,2,False,False
26,frame_0379.jpg,151.6,0.6289,0.8417,0.6667,0.04,10,4,False,False
27,frame_0169.jpg,67.6,0.6265,0.745,0.5,0.52,8,3,False,False
28,frame_0132.jpg,52.8,0.6254,0.5508,0.5,1.0,4,3,False,False
29,frame_0292.jpg,116.8,0.6221,0.7242,0.3333,0.8,6,2,False,False
30,frame_0129.jpg,51.6,0.6176,0.6833,0.3333,0.88,5,2,False,False
31,frame_0186.jpg,74.4,0.6172,0.8184,0.6667,0.04,9,4,False,False
32,frame_0116.jpg,46.4,0.6165,0.6889,0.6667,0.36,8,4,False,False
33,frame_0333.jpg,133.2,0.6134,0.7947,0.6667,0.08,7,4,False,False
34,frame_0003.jpg,1.2,0.6099,0.5199,0.5,1.0,6,3,False,False
35,frame_0307.jpg,122.8,0.6081,0.6362,0.8333,0.2,11,5,False,False
36,frame_0294.jpg,117.6,0.6079,0.6278,0.5,0.72,7,3,False,False
37,frame_0296.jpg,118.4,0.6072,0.6585,0.5,0.64,6,3,False,False
38,frame_0177.jpg,70.8,0.6038,0.7276,0.6667,0.2,9,4,False,False
39,frame_0287.jpg,114.8,0.6013,0.8306,0.1667,0.68,6,1,False,False
40,frame_0197.jpg,78.8,0.6005,0.941,0.1667,0.4,1,1,False,False
41,frame_0302.jpg,120.8,0.6001,0.6402,0.6667,0.4,7,4,False,False
42,frame_0305.jpg,122.0,0.5947,0.6774,0.6667,0.28,6,4,False,False
43,frame_0001.jpg,0.4,0.5943,0.5887,0.3333,1.0,8,2,False,False
44,frame_0176.jpg,70.4,0.5943,0.5926,0.8333,0.24,7,5,False,False
45,frame_0015.jpg,6.0,0.5909,0.4817,0.5,1.0,6,3,False,False
46,frame_0018.jpg,7.2,0.589,0.5781,0.3333,1.0,6,2,False,False
47,frame_0293.jpg,117.2,0.5875,0.5709,0.5,0.76,6,3,False,False
48,frame_0028.jpg,11.2,0.587,0.4739,0.5,1.0,5,3,False,False
49,frame_0068.jpg,27.2,0.5866,0.4732,0.5,1.0,6,3,False,False
50,frame_0071.jpg,28.4,0.5843,0.4687,0.5,1.0,7,3,False,False
51,frame_0075.jpg,30.0,0.5834,0.5828,0.3333,0.96,6,2,False,False
52,frame_0029.jpg,11.6,0.5833,0.4665,0.5,1.0,7,3,False,False
53,frame_0080.jpg,32.0,0.5825,0.561,0.5,0.76,7,3,False,False
54,frame_0133.jpg,53.2,0.5821,0.5642,0.3333,1.0,6,2,False,False
55,frame_0184.jpg,73.6,0.5814,0.7307,0.6667,0.08,6,4,False,False
56,frame_0377.jpg,150.8,0.5814,0.7148,0.6667,0.12,10,4,False,False
57,frame_0300.jpg,120.0,0.5799,0.5678,0.6667,0.48,7,4,False,False
58,frame_0290.jpg,116.0,0.5789,0.5378,0.5,0.8,7,3,False,False
59,frame_0017.jpg,6.8,0.578,0.4561,0.5,1.0,8,3,False,False
60,frame_0031.jpg,12.4,0.5758,0.4516,0.5,1.0,8,3,False,False
61,frame_0009.jpg,3.6,0.5698,0.6395,0.1667,1.0,3,1,False,False
62,frame_0288.jpg,115.2,0.5694,0.5508,0.5,0.72,7,3,False,False
63,frame_0318.jpg,127.2,0.569,0.742,0.5,0.24,8,3,False,False
64,frame_0073.jpg,29.2,0.5666,0.5332,0.3333,1.0,8,2,False,False
65,frame_0276.jpg,110.4,0.5662,0.7364,0.5,0.24,9,3,False,False
66,frame_0019.jpg,7.6,0.5636,0.6272,0.1667,1.0,4,1,False,False
67,frame_0115.jpg,46.0,0.5552,0.5824,0.6667,0.32,8,4,False,False
68,frame_0193.jpg,77.2,0.555,0.6139,0.6667,0.24,6,4,False,False
69,frame_0398.jpg,159.2,0.5513,0.6066,0.6667,0.24,7,4,False,False
70,frame_0033.jpg,13.2,0.5507,0.6014,0.1667,1.0,8,1,False,False
71,frame_0317.jpg,126.8,0.5503,0.7206,0.5,0.2,6,3,False,False
72,frame_0070.jpg,28.0,0.5494,0.5987,0.1667,1.0,6,1,False,False
73,frame_0128.jpg,51.2,0.5485,0.5611,0.3333,0.84,8,2,False,False
74,frame_0231.jpg,92.4,0.5461,0.5283,0.8333,0.16,9,5,False,False
75,frame_0199.jpg,79.6,0.5449,0.8978,0.0,0.48,1,0,False,False
76,frame_0188.jpg,75.2,0.5401,0.6642,0.6667,0.04,8,4,False,False
77,frame_0374.jpg,149.6,0.5389,0.5977,0.6667,0.2,7,4,False,False
78,frame_0014.jpg,5.6,0.5369,0.4739,0.3333,1.0,5,2,False,False
79,frame_0079.jpg,31.6,0.5361,0.5523,0.3333,0.8,9,2,False,False
80,frame_0286.jpg,114.4,0.5359,0.6158,0.3333,0.64,8,2,False,False
81,frame_0233.jpg,93.2,0.5341,0.6721,0.5,0.24,7,3,False,False
82,frame_0131.jpg,52.4,0.5324,0.4808,0.3333,0.96,5,2,False,False
83,frame_0327.jpg,130.8,0.5316,0.7472,0.5,0.04,9,3,False,False
84,frame_0389.jpg,155.6,0.5306,0.6132,0.6667,0.12,6,4,False,False
85,frame_0170.jpg,68.0,0.53,0.668,0.3333,0.48,5,2,False,False
86,frame_0095.jpg,38.0,0.5298,0.6956,0.5,0.16,6,3,False,False
87,frame_0281.jpg,112.4,0.5292,0.5823,0.5,0.44,7,3,False,False
88,frame_0386.jpg,154.4,0.5242,0.6525,0.5,0.24,8,3,False,False
89,frame_0211.jpg,84.4,0.5238,0.4916,0.5,0.64,4,3,False,False
90,frame_0010.jpg,4.0,0.5212,0.6424,0.0,1.0,1,0,False,False
91,frame_0303.jpg,121.2,0.5209,0.5979,0.5,0.36,7,3,False,False
92,frame_0230.jpg,92.0,0.5206,0.6931,0.5,0.12,7,3,False,False
93,frame_0376.jpg,150.4,0.5177,0.7715,0.3333,0.16,7,2,False,False
94,frame_0395.jpg,158.0,0.5172,0.6865,0.5,0.12,5,3,False,False
95,frame_0299.jpg,119.6,0.5162,0.5244,0.5,0.52,6,3,False,False
96,frame_0396.jpg,158.4,0.5153,0.5665,0.6667,0.16,7,4,False,False
97,frame_0032.jpg,12.8,0.5149,0.4298,0.3333,1.0,7,2,False,False
98,frame_0168.jpg,67.2,0.5134,0.6028,0.3333,0.56,7,2,False,False
99,frame_0301.jpg,120.4,0.5113,0.6466,0.3333,0.44,7,2,False,False
100,frame_0308.jpg,123.2,0.5101,0.6561,0.5,0.16,6,3,False,False
101,frame_0274.jpg,109.6,0.509,0.654,0.5,0.16,6,3,False,False
102,frame_0007.jpg,2.8,0.5071,0.5142,0.1667,1.0,5,1,False,False
103,frame_0232.jpg,92.8,0.507,0.634,0.5,0.2,6,3,False,False
104,frame_0174.jpg,69.6,0.5055,0.583,0.5,0.32,6,3,False,False
105,frame_0072.jpg,28.8,0.5054,0.6108,0.0,1.0,9,0,False,False
106,frame_0328.jpg,131.2,0.5029,0.7738,0.3333,0.08,9,2,False,False
107,frame_0108.jpg,43.2,0.5022,0.5883,0.6667,0.04,11,4,False,False
108,frame_0094.jpg,37.6,0.4976,0.6152,0.5,0.2,6,3,False,False
109,frame_0098.jpg,39.2,0.4959,0.6757,0.5,0.04,7,3,False,False
110,frame_0322.jpg,128.8,0.4955,0.6269,0.5,0.16,7,3,False,False
111,frame_0089.jpg,35.6,0.4951,0.5302,0.5,0.4,6,3,False,False
112,frame_0121.jpg,48.4,0.4949,0.4658,0.5,0.56,6,3,False,False
113,frame_0106.jpg,42.4,0.4948,0.7736,0.3333,0.04,6,2,False,False
114,frame_0298.jpg,119.2,0.4936,0.5632,0.3333,0.56,6,2,False,False
115,frame_0275.jpg,110.0,0.4934,0.7069,0.3333,0.2,7,2,False,False
116,frame_0190.jpg,76.0,0.4913,0.5345,0.6667,0.12,6,4,False,False
117,frame_0086.jpg,34.4,0.4909,0.4738,0.5,0.52,5,3,False,False
118,frame_0173.jpg,69.2,0.4898,0.5356,0.5,0.36,9,3,False,False
119,frame_0013.jpg,5.2,0.4887,0.3775,0.3333,1.0,4,2,False,False
120,frame_0204.jpg,81.6,0.4854,0.5988,0.1667,0.68,2,1,False,False
121,frame_0209.jpg,83.6,0.4847,0.4814,0.3333,0.72,4,2,False,False
122,frame_0279.jpg,111.6,0.4833,0.6227,0.3333,0.36,7,2,False,False
123,frame_0397.jpg,158.8,0.4789,0.6778,0.3333,0.2,8,2,False,False
124,frame_0026.jpg,10.4,0.4787,0.3575,0.3333,1.0,5,2,False,False
125,frame_0385.jpg,154.0,0.4777,0.5754,0.5,0.2,9,3,False,False
126,frame_0117.jpg,46.8,0.4745,0.589,0.3333,0.4,7,2,False,False
127,frame_0393.jpg,157.2,0.4739,0.6319,0.5,0.04,4,3,False,False
128,frame_0304.jpg,121.6,0.471,0.614,0.3333,0.32,7,2,False,False
129,frame_0390.jpg,156.0,0.4696,0.7073,0.3333,0.08,6,2,False,False
130,frame_0330.jpg,132.0,0.469,0.522,0.6667,0.04,7,4,False,False
131,frame_0378.jpg,151.2,0.4682,0.5044,0.6667,0.08,12,4,False,False
132,frame_0278.jpg,111.2,0.4663,0.5046,0.5,0.32,7,3,False,False
133,frame_0097.jpg,38.8,0.466,0.5,0.6667,0.08,6,4,False,False
134,frame_0113.jpg,45.2,0.4651,0.6342,0.3333,0.24,6,2,False,False
135,frame_0228.jpg,91.2,0.464,0.512,0.6667,0.04,5,4,False,False
136,frame_0226.jpg,90.4,0.4631,0.5101,0.6667,0.04,5,4,False,False
137,frame_0021.jpg,8.4,0.463,0.426,0.1667,1.0,6,1,False,False
138,frame_0373.jpg,149.2,0.4612,0.5584,0.5,0.16,7,3,False,False
139,frame_0200.jpg,80.0,0.4601,0.5122,0.3333,0.52,2,2,False,False
140,frame_0368.jpg,147.2,0.4579,0.6999,0.3333,0.04,10,2,False,False
141,frame_0203.jpg,81.2,0.4519,0.3479,0.5,0.64,5,3,False,False
142,frame_0320.jpg,128.0,0.4519,0.5078,0.5,0.24,7,3,False,False
143,frame_0315.jpg,126.0,0.4505,0.5529,0.5,0.12,9,3,False,False
144,frame_0122.jpg,48.8,0.449,0.4581,0.3333,0.6,5,2,False,False
145,frame_0297.jpg,118.8,0.4467,0.5533,0.1667,0.6,5,1,False,False
146,frame_0178.jpg,71.2,0.4462,0.5283,0.5,0.16,9,3,False,False
147,frame_0273.jpg,109.2,0.4458,0.5437,0.5,0.12,6,3,False,False
148,frame_0189.jpg,75.6,0.4453,0.6587,0.3333,0.08,4,2,False,False
149,frame_0078.jpg,31.2,0.4449,0.5538,0.0,0.84,6,0,False,False
150,frame_0118.jpg,47.2,0.4436,0.5112,0.3333,0.44,7,2,False,False
151,frame_0388.jpg,155.2,0.4434,0.5227,0.5,0.16,8,3,False,False
152,frame_0269.jpg,107.6,0.4431,0.5701,0.5,0.04,6,3,False,False
153,frame_0012.jpg,4.8,0.4428,0.3855,0.1667,1.0,4,1,False,False
154,frame_0027.jpg,10.8,0.4422,0.2844,0.3333,1.0,5,2,False,False
155,frame_0006.jpg,2.4,0.4405,0.381,0.1667,1.0,4,1,False,False
156,frame_0306.jpg,122.4,0.4399,0.6838,0.1667,0.24,8,1,False,False
157,frame_0214.jpg,85.6,0.4393,0.4707,0.3333,0.52,3,2,False,False
158,frame_0218.jpg,87.2,0.4391,0.6341,0.1667,0.36,3,1,False,False
159,frame_0109.jpg,43.6,0.4378,0.5437,0.5,0.08,11,3,False,False
160,frame_0179.jpg,71.6,0.437,0.526,0.5,0.12,6,3,False,False
161,frame_0181.jpg,72.4,0.432,0.448,0.6667,0.04,6,4,False,False
162,frame_0277.jpg,110.8,0.4316,0.5512,0.3333,0.28,9,2,False,False
163,frame_0114.jpg,45.6,0.4315,0.5511,0.3333,0.28,9,2,False,False
164,frame_0096.jpg,38.4,0.4295,0.411,0.6667,0.12,8,4,False,False
165,frame_0105.jpg,42.0,0.4292,0.6264,0.3333,0.08,8,2,False,False
166,frame_0332.jpg,132.8,0.4289,0.7417,0.1667,0.04,6,1,False,False
167,frame_0125.jpg,50.0,0.4239,0.4597,0.1667,0.72,4,1,False,False
168,frame_0295.jpg,118.0,0.4226,0.4731,0.1667,0.68,5,1,False,False
169,frame_0205.jpg,82.0,0.4225,0.5571,0.0,0.72,2,0,False,False
170,frame_0321.jpg,128.4,0.4219,0.4638,0.5,0.2,10,3,False,False
171,frame_0329.jpg,131.6,0.4148,0.5976,0.3333,0.08,9,2,False,False
172,frame_0202.jpg,80.8,0.4133,0.4866,0.1667,0.6,5,1,False,False
173,frame_0220.jpg,88.0,0.4101,0.5083,0.3333,0.28,3,2,False,False
174,frame_0088.jpg,35.2,0.4094,0.5427,0.1667,0.44,4,1,False,False
175,frame_0081.jpg,32.4,0.4091,0.3302,0.3333,0.72,6,2,False,False
176,frame_0285.jpg,114.0,0.4079,0.4758,0.1667,0.6,6,1,False,False
177,frame_0268.jpg,107.2,0.4063,0.4807,0.5,0.08,5,3,False,False
178,frame_0123.jpg,49.2,0.4047,0.4533,0.1667,0.64,7,1,False,False
179,frame_0319.jpg,127.6,0.4032,0.5944,0.1667,0.28,7,1,False,False
180,frame_0192.jpg,76.8,0.4028,0.4255,0.5,0.2,5,3,False,False
181,frame_0180.jpg,72.0,0.4023,0.5727,0.3333,0.08,7,2,False,False
182,frame_0172.jpg,68.8,0.4007,0.4415,0.3333,0.4,3,2,False,False
183,frame_0024.jpg,9.6,0.3996,0.3992,0.0,1.0,3,0,False,False
184,frame_0215.jpg,86.0,0.3993,0.5065,0.1667,0.48,5,1,False,False
185,frame_0082.jpg,32.8,0.3965,0.3211,0.3333,0.68,6,2,False,False
186,frame_0223.jpg,89.2,0.3949,0.5258,0.3333,0.16,6,2,False,False
187,frame_0090.jpg,36.0,0.3942,0.4444,0.3333,0.36,5,2,False,False
188,frame_0282.jpg,112.8,0.3921,0.3922,0.3333,0.48,5,2,False,False
189,frame_0314.jpg,125.6,0.3921,0.4522,0.5,0.08,7,3,False,False
190,frame_0381.jpg,152.4,0.3917,0.5674,0.3333,0.04,7,2,False,False
191,frame_0185.jpg,74.0,0.39,0.6479,0.1667,0.08,7,1,False,False
192,frame_0309.jpg,123.6,0.3842,0.5204,0.3333,0.12,6,2,False,False
193,frame_0399.jpg,159.6,0.3833,0.4546,0.3333,0.28,8,2,False,False
194,frame_0229.jpg,91.6,0.3812,0.5304,0.3333,0.08,8,2,False,False
195,frame_0280.jpg,112.0,0.3794,0.3989,0.3333,0.4,7,2,False,False
196,frame_0023.jpg,9.2,0.3789,0.2578,0.1667,1.0,3,1,False,False
197,frame_0394.jpg,157.6,0.3789,0.5259,0.3333,0.08,4,2,False,False
198,frame_0120.jpg,48.0,0.3787,0.3494,0.3333,0.52,6,2,False,False
199,frame_0213.jpg,85.2,0.3755,0.427,0.1667,0.56,3,1,False,False
200,frame_0022.jpg,8.8,0.3753,0.2505,0.1667,1.0,4,1,False,False
201,frame_0175.jpg,70.0,0.3749,0.5378,0.1667,0.28,7,1,False,False
202,frame_0104.jpg,41.6,0.3743,0.5006,0.3333,0.12,7,2,False,False
203,frame_0102.jpg,40.8,0.3706,0.3931,0.5,0.12,7,3,False,False
204,frame_0391.jpg,156.4,0.3687,0.5214,0.3333,0.04,8,2,False,False
205,frame_0084.jpg,33.6,0.3656,0.3911,0.1667,0.6,3,1,False,False
206,frame_0087.jpg,34.8,0.3644,0.3369,0.3333,0.48,4,2,False,False
207,frame_0069.jpg,27.6,0.3627,0.3253,0.0,1.0,7,0,False,False
208,frame_0210.jpg,84.0,0.358,0.4441,0.0,0.68,3,0,False,False
209,frame_0103.jpg,41.2,0.3563,0.4486,0.3333,0.16,5,2,False,False
210,frame_0126.jpg,50.4,0.3557,0.4073,0.0,0.76,6,0,False,False
211,frame_0289.jpg,115.6,0.3539,0.4039,0.0,0.76,8,0,False,False
212,frame_0219.jpg,87.6,0.3524,0.4767,0.1667,0.32,4,1,False,False
213,frame_0208.jpg,83.2,0.3514,0.2988,0.1667,0.76,4,1,False,False
214,frame_0371.jpg,148.4,0.3484,0.4648,0.3333,0.08,7,2,False,False
215,frame_0083.jpg,33.2,0.3447,0.2334,0.3333,0.64,5,2,False,False
216,frame_0382.jpg,152.8,0.3444,0.4568,0.3333,0.08,6,2,False,False
217,frame_0207.jpg,82.8,0.3408,0.2615,0.1667,0.8,3,1,False,False
218,frame_0372.jpg,148.8,0.3378,0.5276,0.1667,0.12,6,1,False,False
219,frame_0025.jpg,10.0,0.3311,0.2623,0.0,1.0,5,0,False,False
220,frame_0212.jpg,84.8,0.3298,0.3196,0.1667,0.6,5,1,False,False
221,frame_0198.jpg,79.2,0.3269,0.3777,0.1667,0.44,3,1,False,False
222,frame_0206.jpg,82.4,0.3254,0.2468,0.1667,0.76,5,1,False,False
223,frame_0323.jpg,129.2,0.3245,0.401,0.3333,0.12,8,2,False,False
224,frame_0272.jpg,108.8,0.3188,0.4057,0.3333,0.08,6,2,False,False
225,frame_0092.jpg,36.8,0.3131,0.4142,0.1667,0.28,4,1,False,False
226,frame_0101.jpg,40.4,0.3118,0.3917,0.3333,0.08,5,2,False,False
227,frame_0100.jpg,40.0,0.3099,0.5037,0.1667,0.04,6,1,False,False
228,frame_0112.jpg,44.8,0.3065,0.5329,0.0,0.2,3,0,False,False
229,frame_0091.jpg,36.4,0.2997,0.3714,0.1667,0.32,5,1,False,False
230,frame_0311.jpg,124.4,0.2988,0.3816,0.3333,0.04,9,2,False,False
231,frame_0216.jpg,86.4,0.2956,0.3152,0.1667,0.44,5,1,False,False
232,frame_0283.jpg,113.2,0.2954,0.2828,0.1667,0.52,5,1,False,False
233,frame_0324.jpg,129.6,0.2902,0.4484,0.1667,0.08,7,1,False,False
234,frame_0195.jpg,78.0,0.2847,0.4413,0.0,0.32,4,0,False,False
235,frame_0119.jpg,47.6,0.2824,0.2728,0.1667,0.48,5,1,False,False
236,frame_0191.jpg,76.4,0.2792,0.2945,0.3333,0.16,7,2,False,False
237,frame_0171.jpg,68.4,0.2763,0.3766,0.0,0.44,6,0,False,False
238,frame_0225.jpg,90.0,0.2724,0.4128,0.1667,0.08,7,1,False,False
239,frame_0325.jpg,130.0,0.2699,0.3239,0.3333,0.04,7,2,False,False
240,frame_0085.jpg,34.0,0.2659,0.3078,0.0,0.56,4,0,False,False
241,frame_0194.jpg,77.6,0.2654,0.3187,0.1667,0.28,7,1,False,False
242,frame_0267.jpg,106.8,0.262,0.376,0.1667,0.12,6,1,False,False
243,frame_0313.jpg,125.2,0.2615,0.4069,0.1667,0.04,3,1,False,False
244,frame_0370.jpg,148.0,0.2536,0.3912,0.1667,0.04,7,1,False,False
245,frame_0183.jpg,73.2,0.2471,0.3781,0.1667,0.04,4,1,False,False
246,frame_0111.jpg,44.4,0.2356,0.4072,0.0,0.16,5,0,False,False
247,frame_0221.jpg,88.4,0.2305,0.2649,0.1667,0.24,7,1,False,False
248,frame_0310.jpg,124.0,0.2281,0.3241,0.1667,0.08,9,1,False,False
249,frame_0224.jpg,89.6,0.2155,0.383,0.0,0.12,6,0,False,False
250,frame_0093.jpg,37.2,0.2116,0.2272,0.1667,0.24,6,1,False,False
251,frame_0196.jpg,78.4,0.2107,0.2773,0.0,0.36,3,0,False,False
252,frame_0222.jpg,88.8,0.2021,0.3242,0.0,0.2,5,0,False,False
253,frame_0217.jpg,86.8,0.1865,0.213,0.0,0.4,4,0,False,False
254,frame_0383.jpg,153.2,0.1792,0.3104,0.0,0.12,6,0,False,False
255,frame_0271.jpg,108.4,0.1722,0.2284,0.1667,0.04,5,1,False,False
256,frame_0110.jpg,44.0,0.1094,0.1708,0.0,0.12,4,0,False,False
